<?xml version="1.0" encoding="UTF-8" standalone="yes"?>
<addon id="repository.apocalypticbuilds" name="[B][COLORlime]Apo[COLORlimegreen]cal[COLORmediumseagreen]ypt[COLORmediumspringgreen]ic [COLORaqua]Bui[COLORdarkturquoise]lds [COLORdarkcyan]Re[COLORdodgerblue]po[/COLOR][/B]" version="0.0.5" provider-name="Team Apocalyptic">
	<extension point="xbmc.addon.repository" name="Apocalyptic Repository">
		<dir>
			<info compressed="false">https://raw.githubusercontent.com/noobsandnerds/modules4all/master/zips/addons.xml</info>
			<checksum>https://raw.githubusercontent.com/noobsandnerds/modules4all/master/zips/addons.xml.md5</checksum>
			<datadir zip="true">https://raw.githubusercontent.com/noobsandnerds/modules4all/master/zips/</datadir>
		</dir>
		<info compressed="false">https://raw.githubusercontent.com/skeletor601/repository.apocalypticbuilds/master/zips/addons.xml</info>
		<checksum>https://raw.githubusercontent.com/skeletor601/repository.apocalypticbuilds/master/zips/addons.xml.md5</checksum>
		<datadir zip="true">https://raw.githubusercontent.com/skeletor601/repository.apocalypticbuilds/master/zips/</datadir>
	</extension>
	<extension point="xbmc.addon.metadata">
		<summary lang="en">Repository For Team Apocalyptic</summary>
		<description lang="en">Repository for Team Apocalyptic</description>
		<genre></genre>
	</extension>
</addon>